mean_fit_time,std_fit_time,mean_score_time,std_score_time,param_learning_rate,param_num_leaves,params,split0_test_score,split1_test_score,split2_test_score,mean_test_score,std_test_score,rank_test_score
5.8686591784159345,0.674100581768788,0.18003471692403158,0.0035126237893273226,0.01,15,"{'learning_rate': 0.01, 'num_leaves': 15}",0.7518751395597396,0.7698970123611809,0.7426684675861666,0.7548135398356957,0.011308523622399298,4
8.959329525629679,0.9133378775831181,0.23764348030090332,0.012327445413728993,0.01,31,"{'learning_rate': 0.01, 'num_leaves': 31}",0.7563604625198188,0.7715489439731399,0.7455479751665264,0.7578191272198284,0.01066484479496108,2
16.644768317540485,0.7927676692848952,0.4527413050333659,0.061344761315737295,0.01,63,"{'learning_rate': 0.01, 'num_leaves': 63}",0.7562304550637795,0.7704163411003039,0.7490165247338024,0.7585544402992953,0.008889646249473498,1
4.119140386581421,0.30462439756490817,0.17934600512186685,0.02438144930189299,0.05,15,"{'learning_rate': 0.05, 'num_leaves': 15}",0.7513833722260257,0.7656930435889104,0.7476806499159413,0.7549190219102925,0.007766903950948818,3
9.999815225601196,0.3164420851570889,0.2272348403930664,0.03539094522785726,0.05,31,"{'learning_rate': 0.05, 'num_leaves': 31}",0.749235203863259,0.7599774040293461,0.7451758079285692,0.7514628052737248,0.006244649326453558,5
18.814636548360188,2.355023290722791,0.48307236035664874,0.1356290862278806,0.05,63,"{'learning_rate': 0.05, 'num_leaves': 63}",0.7405859616134912,0.7521030360136866,0.7422952045784592,0.7449947340685457,0.005074534151741977,7
5.864630540211995,3.026299022362438,0.16112852096557617,0.011171097139391078,0.1,15,"{'learning_rate': 0.1, 'num_leaves': 15}",0.7456460866660287,0.7568699322506478,0.7459605543928708,0.7494921911031825,0.005218430212050299,6
10.238860925038656,2.262353850433465,0.2284714380900065,0.04007724840927666,0.1,31,"{'learning_rate': 0.1, 'num_leaves': 31}",0.7441001941655003,0.7505994715221012,0.7399067333385579,0.7448687996753866,0.0043989944523584994,8
11.07681147257487,0.8385559413357472,0.3368213971455892,0.02357883630237996,0.1,63,"{'learning_rate': 0.1, 'num_leaves': 63}",0.7367331049899376,0.7431765584506862,0.7369646792208568,0.7389581142204936,0.0029843883179573776,9
