mean_fit_time,std_fit_time,mean_score_time,std_score_time,param_learning_rate,param_num_leaves,params,split0_test_score,split1_test_score,split2_test_score,mean_test_score,std_test_score,rank_test_score
4.76593279838562,0.6109445786783696,0.2683238983154297,0.0840557207384552,0.01,15,"{'learning_rate': 0.01, 'num_leaves': 15}",0.7033302343321652,0.7042329215037682,0.7070270976713373,0.704863417835757,0.0015737098113729176,1
7.66668701171875,0.4158879269627395,0.21578558286031088,0.0177739306725681,0.01,31,"{'learning_rate': 0.01, 'num_leaves': 31}",0.7000474945702346,0.7035291654190339,0.7035197837419184,0.7023654812437289,0.0016390685704263772,2
17.828258911768597,2.7326380020082945,0.30387306213378906,0.024418354765383548,0.01,63,"{'learning_rate': 0.01, 'num_leaves': 63}",0.69333729077997,0.6967294040263553,0.6974434538957024,0.6958367162340092,0.0017912402601183222,3
5.667426347732544,2.8743597908394705,0.1688539981842041,0.006166565883126488,0.05,15,"{'learning_rate': 0.05, 'num_leaves': 15}",0.6950375078142637,0.6888167411858492,0.6940706758221411,0.6926416416074179,0.0027332628183711852,4
9.517347733179728,2.5556230138072396,0.20952264467875162,0.049842382544114494,0.05,31,"{'learning_rate': 0.05, 'num_leaves': 31}",0.6832014466694986,0.6808429671430214,0.6793573394814592,0.6811339177646598,0.001582777983263991,5
14.582496563593546,0.6334470841513805,0.4135468006134033,0.05665208383977383,0.05,63,"{'learning_rate': 0.05, 'num_leaves': 63}",0.666537574184213,0.6715723065400454,0.6648170429631297,0.6676423078957961,0.0028663244673893173,7
3.947183926900228,0.6842805840027775,0.1313620408376058,0.015346834688809199,0.1,15,"{'learning_rate': 0.1, 'num_leaves': 15}",0.6842025321666292,0.6795810012699142,0.676484917520725,0.6800894836524227,0.0031711522307262168,6
8.23986562093099,0.6123546749968295,0.23534584045410156,0.030311276554392502,0.1,31,"{'learning_rate': 0.1, 'num_leaves': 31}",0.6689227890176818,0.6649445425611509,0.6662760240556626,0.666714451878165,0.0016534359041872693,8
10.304697116216024,0.9767513314830485,0.33513061205546063,0.01664785453286141,0.1,63,"{'learning_rate': 0.1, 'num_leaves': 63}",0.6515302800030274,0.656842552264411,0.6541108554604097,0.6541612292426161,0.0021690185619640434,9
