mean_fit_time,std_fit_time,mean_score_time,std_score_time,param_learning_rate,param_num_leaves,params,split0_test_score,split1_test_score,split2_test_score,mean_test_score,std_test_score,rank_test_score
9.897437254587809,0.4331793630711501,0.26422802607218426,0.05387840627656323,0.01,15,"{'learning_rate': 0.01, 'num_leaves': 15}",0.7518751395597396,0.7698970123611809,0.7426684675861666,0.7548135398356957,0.011308523622399298,4
13.211587111155191,0.2525591942855927,0.42120639483133954,0.07906905093625916,0.01,31,"{'learning_rate': 0.01, 'num_leaves': 31}",0.7563604625198188,0.7715489439731399,0.7455479751665264,0.7578191272198284,0.01066484479496108,2
36.085439920425415,0.9877422903971916,0.7304739952087402,0.06554220869181211,0.01,63,"{'learning_rate': 0.01, 'num_leaves': 63}",0.7562304550637795,0.7704163411003039,0.7490165247338024,0.7585544402992953,0.008889646249473498,1
9.375205039978027,2.8330785901194844,0.3329773743947347,0.11642530100290167,0.05,15,"{'learning_rate': 0.05, 'num_leaves': 15}",0.7513833722260257,0.7656930435889104,0.7476806499159413,0.7549190219102925,0.007766903950948818,3
12.563751379648844,0.5917369814089117,0.32066671053568524,0.07972128346730169,0.05,31,"{'learning_rate': 0.05, 'num_leaves': 31}",0.749235203863259,0.7599774040293461,0.7451758079285692,0.7514628052737248,0.006244649326453558,5
18.40000851949056,0.31558807001161465,0.6634369691212972,0.014642155073191634,0.05,63,"{'learning_rate': 0.05, 'num_leaves': 63}",0.7405859616134912,0.7521030360136866,0.7422952045784592,0.7449947340685457,0.005074534151741977,7
4.635363260904948,1.0066964540077474,0.1861721674601237,0.05113402967669479,0.1,15,"{'learning_rate': 0.1, 'num_leaves': 15}",0.7456460866660287,0.7568699322506478,0.7459605543928708,0.7494921911031825,0.005218430212050299,6
10.06334114074707,0.39027965015920846,0.3262442747751872,0.15791692370357238,0.1,31,"{'learning_rate': 0.1, 'num_leaves': 31}",0.7441001941655003,0.7505994715221012,0.7399067333385579,0.7448687996753866,0.0043989944523584994,8
11.331119616826376,0.9667050388581848,0.38255055745442706,0.052548213430969666,0.1,63,"{'learning_rate': 0.1, 'num_leaves': 63}",0.7367331049899376,0.7431765584506862,0.7369646792208568,0.7389581142204936,0.0029843883179573776,9
