mean_fit_time,std_fit_time,mean_score_time,std_score_time,param_learning_rate,param_num_leaves,params,split0_test_score,split1_test_score,split2_test_score,mean_test_score,std_test_score,rank_test_score
6.004634459813436,1.0591015813203424,0.1882497469584147,0.01704567689162223,0.01,15,"{'learning_rate': 0.01, 'num_leaves': 15}",0.7518751395597396,0.7698970123611809,0.7426684675861666,0.7548135398356957,0.011308523622399298,4
9.567425807317099,0.41072338727501156,0.3871784210205078,0.15915051532781693,0.01,31,"{'learning_rate': 0.01, 'num_leaves': 31}",0.7563604625198188,0.7715489439731399,0.7455479751665264,0.7578191272198284,0.01066484479496108,2
17.791994253794353,0.7327036427503651,0.49878088633219403,0.20250674383897457,0.01,63,"{'learning_rate': 0.01, 'num_leaves': 63}",0.7562304550637795,0.7704163411003039,0.7490165247338024,0.7585544402992953,0.008889646249473498,1
3.937974214553833,0.46649247551322415,0.2618250052134196,0.13826157820813836,0.05,15,"{'learning_rate': 0.05, 'num_leaves': 15}",0.7513833722260257,0.7656930435889104,0.7476806499159413,0.7549190219102925,0.007766903950948818,3
9.88565190633138,0.19024915944939788,0.21931823094685873,0.00956076174802846,0.05,31,"{'learning_rate': 0.05, 'num_leaves': 31}",0.749235203863259,0.7599774040293461,0.7451758079285692,0.7514628052737248,0.006244649326453558,5
17.76605725288391,0.8720174054883576,0.44361424446105957,0.05731054848056076,0.05,63,"{'learning_rate': 0.05, 'num_leaves': 63}",0.7405859616134912,0.7521030360136866,0.7422952045784592,0.7449947340685457,0.005074534151741977,7
4.840338548024495,1.0998815302409788,0.15710131327311197,0.00879723432559528,0.1,15,"{'learning_rate': 0.1, 'num_leaves': 15}",0.7456460866660287,0.7568699322506478,0.7459605543928708,0.7494921911031825,0.005218430212050299,6
10.277110815048218,0.27305735773808093,0.20997540156046549,0.00879315545633519,0.1,31,"{'learning_rate': 0.1, 'num_leaves': 31}",0.7441001941655003,0.7505994715221012,0.7399067333385579,0.7448687996753866,0.0043989944523584994,8
11.97455326716105,1.578252364253585,0.392445166905721,0.09465121484562698,0.1,63,"{'learning_rate': 0.1, 'num_leaves': 63}",0.7367331049899376,0.7431765584506862,0.7369646792208568,0.7389581142204936,0.0029843883179573776,9
