mean_fit_time,std_fit_time,mean_score_time,std_score_time,param_learning_rate,param_num_leaves,params,split0_test_score,split1_test_score,split2_test_score,mean_test_score,std_test_score,rank_test_score
8.088313182195028,2.2077687118334395,0.2034916877746582,0.0121681759813385,0.01,15,"{'learning_rate': 0.01, 'num_leaves': 15}",0.7518751395597396,0.7698970123611809,0.7426684675861666,0.7548135398356957,0.011308523622399298,4
10.176853259404501,1.4158247214921573,0.590597947438558,0.2220282162841067,0.01,31,"{'learning_rate': 0.01, 'num_leaves': 31}",0.7563604625198188,0.7715489439731399,0.7455479751665264,0.7578191272198284,0.01066484479496108,2
21.26341923077901,0.798400090089341,0.5384217898050944,0.21574807188621273,0.01,63,"{'learning_rate': 0.01, 'num_leaves': 63}",0.7562304550637795,0.7704163411003039,0.7490165247338024,0.7585544402992953,0.008889646249473498,1
5.223270654678345,1.9571072966340821,0.23064732551574707,0.08518833683832566,0.05,15,"{'learning_rate': 0.05, 'num_leaves': 15}",0.7513833722260257,0.7656930435889104,0.7476806499159413,0.7549190219102925,0.007766903950948818,3
9.324539025624594,0.2830306250380183,0.3068639437357585,0.06005697480381749,0.05,31,"{'learning_rate': 0.05, 'num_leaves': 31}",0.749235203863259,0.7599774040293461,0.7451758079285692,0.7514628052737248,0.006244649326453558,5
18.39441219965617,0.9455942119967895,0.5553427537282308,0.0692112680698888,0.05,63,"{'learning_rate': 0.05, 'num_leaves': 63}",0.7405859616134912,0.7521030360136866,0.7422952045784592,0.7449947340685457,0.005074534151741977,7
5.209665457407634,1.1446939898623962,0.18368101119995117,0.021762294709843245,0.1,15,"{'learning_rate': 0.1, 'num_leaves': 15}",0.7456460866660287,0.7568699322506478,0.7459605543928708,0.7494921911031825,0.005218430212050299,6
9.222740332285563,0.7254324366669036,0.20714243253072104,0.014750473612919604,0.1,31,"{'learning_rate': 0.1, 'num_leaves': 31}",0.7441001941655003,0.7505994715221012,0.7399067333385579,0.7448687996753866,0.0043989944523584994,8
11.810265302658081,0.6250181035920985,0.449753204981486,0.05714200428916428,0.1,63,"{'learning_rate': 0.1, 'num_leaves': 63}",0.7367331049899376,0.7431765584506862,0.7369646792208568,0.7389581142204936,0.0029843883179573776,9
