mean_fit_time,std_fit_time,mean_score_time,std_score_time,param_learning_rate,param_num_leaves,params,split0_test_score,split1_test_score,split2_test_score,mean_test_score,std_test_score,rank_test_score
6.284480015436809,0.7532647723948542,0.22744115193684897,0.054580516217052816,0.01,15,"{'learning_rate': 0.01, 'num_leaves': 15}",0.7518751395597396,0.7698970123611809,0.7426684675861666,0.7548135398356957,0.011308523622399298,4
12.68956724802653,0.9594911223472959,0.22568337122599283,0.03229460658279493,0.01,31,"{'learning_rate': 0.01, 'num_leaves': 31}",0.7563604625198188,0.7715489439731399,0.7455479751665264,0.7578191272198284,0.01066484479496108,2
17.536728700002033,0.6132354728650671,0.42422962188720703,0.004098983882962058,0.01,63,"{'learning_rate': 0.01, 'num_leaves': 63}",0.7562304550637795,0.7704163411003039,0.7490165247338024,0.7585544402992953,0.008889646249473498,1
4.039844512939453,0.3390051215254894,0.16562040646870932,0.017238761987899236,0.05,15,"{'learning_rate': 0.05, 'num_leaves': 15}",0.7513833722260257,0.7656930435889104,0.7476806499159413,0.7549190219102925,0.007766903950948818,3
9.289283752441406,0.21761771388971587,0.2632223765055339,0.04260208974872851,0.05,31,"{'learning_rate': 0.05, 'num_leaves': 31}",0.749235203863259,0.7599774040293461,0.7451758079285692,0.7514628052737248,0.006244649326453558,5
18.429498116175335,1.2972748759533728,0.9811370372772217,0.3106494037909012,0.05,63,"{'learning_rate': 0.05, 'num_leaves': 63}",0.7405859616134912,0.7521030360136866,0.7422952045784592,0.7449947340685457,0.005074534151741977,7
5.0337099234263105,0.9332347574105623,0.24087127049763998,0.051267699977057296,0.1,15,"{'learning_rate': 0.1, 'num_leaves': 15}",0.7456460866660287,0.7568699322506478,0.7459605543928708,0.7494921911031825,0.005218430212050299,6
11.375112374623617,0.19623351483074392,0.4454340140024821,0.08745760623898971,0.1,31,"{'learning_rate': 0.1, 'num_leaves': 31}",0.7441001941655003,0.7505994715221012,0.7399067333385579,0.7448687996753866,0.0043989944523584994,8
15.937283833821615,1.2247421855185974,0.5477964083353678,0.020693396642306367,0.1,63,"{'learning_rate': 0.1, 'num_leaves': 63}",0.7367331049899376,0.7431765584506862,0.7369646792208568,0.7389581142204936,0.0029843883179573776,9
