mean_fit_time,std_fit_time,mean_score_time,std_score_time,param_learning_rate,param_num_leaves,params,split0_test_score,split1_test_score,split2_test_score,mean_test_score,std_test_score,rank_test_score
4.798660596211751,0.21023484169823375,0.31699077288309735,0.07496302447844941,0.01,15,"{'learning_rate': 0.01, 'num_leaves': 15}",0.7033302343321652,0.7042329215037682,0.7070270976713373,0.704863417835757,0.0015737098113729176,1
8.128242413202921,0.5751007061460001,0.1987436612447103,0.006635172151853266,0.01,31,"{'learning_rate': 0.01, 'num_leaves': 31}",0.7000474945702346,0.7035291654190339,0.7035197837419184,0.7023654812437289,0.0016390685704263772,2
14.69163203239441,0.45314049917281474,0.3761432965596517,0.00776032727203979,0.01,63,"{'learning_rate': 0.01, 'num_leaves': 63}",0.69333729077997,0.6967294040263553,0.6974434538957024,0.6958367162340092,0.0017912402601183222,3
3.6402032375335693,0.4710847502036606,0.13639911015828451,0.013189453992520337,0.05,15,"{'learning_rate': 0.05, 'num_leaves': 15}",0.6950375078142637,0.6888167411858492,0.6940706758221411,0.6926416416074179,0.0027332628183711852,4
7.832405646642049,0.16634442495677615,0.18485609690348306,0.01000458047305658,0.05,31,"{'learning_rate': 0.05, 'num_leaves': 31}",0.6832014466694986,0.6808429671430214,0.6793573394814592,0.6811339177646598,0.001582777983263991,5
13.838683684666952,0.7919421550734828,0.3506641387939453,0.0397331056952839,0.05,63,"{'learning_rate': 0.05, 'num_leaves': 63}",0.666537574184213,0.6715723065400454,0.6648170429631297,0.6676423078957961,0.0028663244673893173,7
3.6949147383371987,0.8956811102667974,0.13554461797078451,0.008727027233427845,0.1,15,"{'learning_rate': 0.1, 'num_leaves': 15}",0.6842025321666292,0.6795810012699142,0.676484917520725,0.6800894836524227,0.0031711522307262168,6
8.099368810653687,0.17678930362279877,0.42184074719746906,0.14441414569543734,0.1,31,"{'learning_rate': 0.1, 'num_leaves': 31}",0.6689227890176818,0.6649445425611509,0.6662760240556626,0.666714451878165,0.0016534359041872693,8
9.812023480733236,0.6519286239633826,0.3436133861541748,0.07507828673824458,0.1,63,"{'learning_rate': 0.1, 'num_leaves': 63}",0.6515302800030274,0.656842552264411,0.6541108554604097,0.6541612292426161,0.0021690185619640434,9
