{
    "0": {
        "precision": 0.7125300561047289,
        "recall": 0.7367403314917127,
        "f1-score": 0.7244329756892571,
        "support": 3620.0
    },
    "1": {
        "precision": 0.559204440333025,
        "recall": 0.5291028446389496,
        "f1-score": 0.5437373510231617,
        "support": 2285.0
    },
    "accuracy": 0.6563928873835733,
    "macro avg": {
        "precision": 0.635867248218877,
        "recall": 0.6329215880653312,
        "f1-score": 0.6340851633562095,
        "support": 5905.0
    },
    "weighted avg": {
        "precision": 0.6531991446672448,
        "recall": 0.6563928873835733,
        "f1-score": 0.6545109600479314,
        "support": 5905.0
    }
}