{
    "0": {
        "precision": 0.7441661923733637,
        "recall": 0.6781639004149378,
        "f1-score": 0.7096336499321574,
        "support": 3856.0
    },
    "1": {
        "precision": 0.527598020555767,
        "recall": 0.6065645514223195,
        "f1-score": 0.5643322475570033,
        "support": 2285.0
    },
    "accuracy": 0.6515225533300766,
    "macro avg": {
        "precision": 0.6358821064645653,
        "recall": 0.6423642259186286,
        "f1-score": 0.6369829487445804,
        "support": 6141.0
    },
    "weighted avg": {
        "precision": 0.6635835067190389,
        "recall": 0.6515225533300766,
        "f1-score": 0.6555685620918663,
        "support": 6141.0
    }
}