{
    "0": {
        "precision": 0.723959615858163,
        "recall": 0.7624481327800829,
        "f1-score": 0.7427055702917772,
        "support": 3856.0
    },
    "1": {
        "precision": 0.5596153846153846,
        "recall": 0.5094091903719913,
        "f1-score": 0.5333333333333333,
        "support": 2285.0
    },
    "accuracy": 0.668295065950171,
    "macro avg": {
        "precision": 0.6417875002367739,
        "recall": 0.6359286615760371,
        "f1-score": 0.6380194518125553,
        "support": 6141.0
    },
    "weighted avg": {
        "precision": 0.662808896367893,
        "recall": 0.668295065950171,
        "f1-score": 0.6648004145435206,
        "support": 6141.0
    }
}