{
    "0": {
        "precision": 0.7051282051282052,
        "recall": 0.841545643153527,
        "f1-score": 0.7673208796405769,
        "support": 3856.0
    },
    "1": {
        "precision": 0.6029889538661468,
        "recall": 0.4061269146608315,
        "f1-score": 0.48535564853556484,
        "support": 2285.0
    },
    "accuracy": 0.6795310210063508,
    "macro avg": {
        "precision": 0.654058579497176,
        "recall": 0.6238362789071792,
        "f1-score": 0.6263382640880709,
        "support": 6141.0
    },
    "weighted avg": {
        "precision": 0.6671232891318196,
        "recall": 0.6795310210063508,
        "f1-score": 0.6624046521409918,
        "support": 6141.0
    }
}