{
    "0": {
        "precision": 0.7052436440677966,
        "recall": 0.6906120331950207,
        "f1-score": 0.6978511530398323,
        "support": 3856.0
    },
    "1": {
        "precision": 0.49556025369978857,
        "recall": 0.512910284463895,
        "f1-score": 0.5040860215053763,
        "support": 2285.0
    },
    "accuracy": 0.6244911252239049,
    "macro avg": {
        "precision": 0.6004019488837926,
        "recall": 0.6017611588294578,
        "f1-score": 0.6009685872726043,
        "support": 6141.0
    },
    "weighted avg": {
        "precision": 0.6272227114850091,
        "recall": 0.6244911252239049,
        "f1-score": 0.6257532332293402,
        "support": 6141.0
    }
}