mean_fit_time,std_fit_time,mean_score_time,std_score_time,param_learning_rate,param_num_leaves,params,split0_test_score,split1_test_score,split2_test_score,mean_test_score,std_test_score,rank_test_score
4.346669356028239,0.18561681678879433,0.21158965428670248,0.043523965565415094,0.01,15,"{'learning_rate': 0.01, 'num_leaves': 15}",0.6815846792205054,0.6843478023303888,0.6784374078827615,0.6814566298112186,0.002414606678812646,1
5.239562352498372,0.5194538588182693,0.1297729810078939,0.0029390173623393447,0.01,31,"{'learning_rate': 0.01, 'num_leaves': 31}",0.67692607117452,0.6796758387783881,0.6760780340443036,0.6775599813324039,0.0015356716863426255,2
9.958720684051514,0.26423770761278625,0.2547430197397868,0.04351516820035907,0.01,63,"{'learning_rate': 0.01, 'num_leaves': 63}",0.6720881912267999,0.6728242509204981,0.6656696215316724,0.6701940212263234,0.003213315050005804,3
2.5519981384277344,0.3853929754765002,0.13627799352010092,0.06153356721310698,0.05,15,"{'learning_rate': 0.05, 'num_leaves': 15}",0.6653904898336598,0.6702426231753311,0.665927227352321,0.6671867801204373,0.0021718892502598937,4
4.976243019104004,0.12374434191257484,0.2469637393951416,0.09376941655875394,0.05,31,"{'learning_rate': 0.05, 'num_leaves': 31}",0.6552555617950069,0.6572937975037678,0.6513298768580861,0.6546264120522869,0.002475070290728551,5
9.300793011983236,0.1962086694460786,0.2133305867513021,0.008907262844269997,0.05,63,"{'learning_rate': 0.05, 'num_leaves': 63}",0.6398902778603127,0.642991046292364,0.6404929030006798,0.6411247423844523,0.0013424124980710068,7
2.353487491607666,0.44200427501669215,0.09147087732950847,0.004788994587175595,0.1,15,"{'learning_rate': 0.1, 'num_leaves': 15}",0.6513344944104555,0.6564418925925605,0.6503628290630019,0.6527130720220059,0.002666347129489246,6
4.949001789093018,0.10663298964654647,0.1280797322591146,0.009934034263341156,0.1,31,"{'learning_rate': 0.1, 'num_leaves': 31}",0.6380774574169163,0.6433396407870332,0.6360122970723925,0.6391431317587807,0.0030848271513222265,8
6.3011079629262285,0.3466810141800964,0.3582410017649333,0.1551999435718353,0.1,63,"{'learning_rate': 0.1, 'num_leaves': 63}",0.6248987749616637,0.6300488454404942,0.6236321506134583,0.6261932570052055,0.002774918130517998,9
