mean_fit_time,std_fit_time,mean_score_time,std_score_time,param_learning_rate,param_num_leaves,params,split0_test_score,split1_test_score,split2_test_score,mean_test_score,std_test_score,rank_test_score
2.882314920425415,0.2643590640720124,0.09784913063049316,0.0020804232076332054,0.01,15,"{'learning_rate': 0.01, 'num_leaves': 15}",0.7033302343321652,0.7042329215037682,0.7070270976713373,0.704863417835757,0.0015737098113729176,1
5.4562811851501465,0.028035337590058343,0.13623563448588052,0.009255299022824516,0.01,31,"{'learning_rate': 0.01, 'num_leaves': 31}",0.7000474945702346,0.7035291654190339,0.7035197837419184,0.7023654812437289,0.0016390685704263772,2
10.15852952003479,0.11873579866811385,0.20052083333333334,0.016558142542939722,0.01,63,"{'learning_rate': 0.01, 'num_leaves': 63}",0.69333729077997,0.6967294040263553,0.6974434538957024,0.6958367162340092,0.0017912402601183222,3
2.673078695933024,0.7157981648620992,0.09668159484863281,0.01876688116014012,0.05,15,"{'learning_rate': 0.05, 'num_leaves': 15}",0.6950375078142637,0.6888167411858492,0.6940706758221411,0.6926416416074179,0.0027332628183711852,4
5.033390522003174,0.16431437598757664,0.11146346728006999,0.007635570932614332,0.05,31,"{'learning_rate': 0.05, 'num_leaves': 31}",0.6832014466694986,0.6808429671430214,0.6793573394814592,0.6811339177646598,0.001582777983263991,5
9.120153824488321,0.2599832162233323,0.20697657267252603,0.008522472444677097,0.05,63,"{'learning_rate': 0.05, 'num_leaves': 63}",0.666537574184213,0.6715723065400454,0.6648170429631297,0.6676423078957961,0.0028663244673893173,7
2.4485300381978354,0.48873554246453316,0.08470892906188965,0.004007161950491764,0.1,15,"{'learning_rate': 0.1, 'num_leaves': 15}",0.6842025321666292,0.6795810012699142,0.676484917520725,0.6800894836524227,0.0031711522307262168,6
4.960146347681682,0.08489637847726744,0.1099087397257487,0.00446672664304529,0.1,31,"{'learning_rate': 0.1, 'num_leaves': 31}",0.6689227890176818,0.6649445425611509,0.6662760240556626,0.666714451878165,0.0016534359041872693,8
6.69208566347758,0.403213764235838,0.2025613784790039,0.027914962489093073,0.1,63,"{'learning_rate': 0.1, 'num_leaves': 63}",0.6515302800030274,0.656842552264411,0.6541108554604097,0.6541612292426161,0.0021690185619640434,9
