mean_fit_time,std_fit_time,mean_score_time,std_score_time,param_learning_rate,param_num_leaves,params,split0_test_score,split1_test_score,split2_test_score,mean_test_score,std_test_score,rank_test_score
2.817655642827352,0.0945806273977171,0.17144378026326498,0.03536124284079578,0.01,15,"{'learning_rate': 0.01, 'num_leaves': 15}",0.7033302343321652,0.7042329215037682,0.7070270976713373,0.704863417835757,0.0015737098113729176,1
4.830537796020508,0.20084137281830422,0.20107237497965494,0.0691876906771368,0.01,31,"{'learning_rate': 0.01, 'num_leaves': 31}",0.7000474945702346,0.7035291654190339,0.7035197837419184,0.7023654812437289,0.0016390685704263772,2
9.193102995554606,0.2419547068558192,0.2558445930480957,0.08480085731234253,0.01,63,"{'learning_rate': 0.01, 'num_leaves': 63}",0.69333729077997,0.6967294040263553,0.6974434538957024,0.6958367162340092,0.0017912402601183222,3
2.319021463394165,0.1953670409386218,0.14336721102396646,0.07068427198905569,0.05,15,"{'learning_rate': 0.05, 'num_leaves': 15}",0.6950375078142637,0.6888167411858492,0.6940706758221411,0.6926416416074179,0.0027332628183711852,4
4.868957599004109,0.15571022822320252,0.22611474990844727,0.08392269300645933,0.05,31,"{'learning_rate': 0.05, 'num_leaves': 31}",0.6832014466694986,0.6808429671430214,0.6793573394814592,0.6811339177646598,0.001582777983263991,5
9.010605573654175,0.1388835915685254,0.20085453987121582,0.008068867643826048,0.05,63,"{'learning_rate': 0.05, 'num_leaves': 63}",0.666537574184213,0.6715723065400454,0.6648170429631297,0.6676423078957961,0.0028663244673893173,7
2.3864506085713706,0.42692652467413494,0.11448804537455241,0.04219435267895991,0.1,15,"{'learning_rate': 0.1, 'num_leaves': 15}",0.6842025321666292,0.6795810012699142,0.676484917520725,0.6800894836524227,0.0031711522307262168,6
4.860647201538086,0.08367396075340688,0.1151748498280843,0.005426609803330324,0.1,31,"{'learning_rate': 0.1, 'num_leaves': 31}",0.6689227890176818,0.6649445425611509,0.6662760240556626,0.666714451878165,0.0016534359041872693,8
6.269784053166707,0.3470575591711676,0.2486426035563151,0.07960953690923384,0.1,63,"{'learning_rate': 0.1, 'num_leaves': 63}",0.6515302800030274,0.656842552264411,0.6541108554604097,0.6541612292426161,0.0021690185619640434,9
