mean_fit_time,std_fit_time,mean_score_time,std_score_time,param_learning_rate,param_num_leaves,params,split0_test_score,split1_test_score,split2_test_score,mean_test_score,std_test_score,rank_test_score
7.274301211039226,0.15620143858677174,0.3161129951477051,0.0345756017626842,0.01,15,"{'learning_rate': 0.01, 'num_leaves': 15}",0.7033302343321652,0.7042329215037682,0.7070270976713373,0.704863417835757,0.0015737098113729176,1
5.97705880800883,2.003388392023296,0.26577035586039227,0.0995095306981989,0.01,31,"{'learning_rate': 0.01, 'num_leaves': 31}",0.7000474945702346,0.7035291654190339,0.7035197837419184,0.7023654812437289,0.0016390685704263772,2
9.337237437566122,0.2716689697586409,0.24152000745137533,0.0727997385283606,0.01,63,"{'learning_rate': 0.01, 'num_leaves': 63}",0.69333729077997,0.6967294040263553,0.6974434538957024,0.6958367162340092,0.0017912402601183222,3
2.3169147968292236,0.21364339675445193,0.12134853998819987,0.041413465808376015,0.05,15,"{'learning_rate': 0.05, 'num_leaves': 15}",0.6950375078142637,0.6888167411858492,0.6940706758221411,0.6926416416074179,0.0027332628183711852,4
4.937410831451416,0.03924716959650043,0.12181631724039714,0.011167951895836279,0.05,31,"{'learning_rate': 0.05, 'num_leaves': 31}",0.6832014466694986,0.6808429671430214,0.6793573394814592,0.6811339177646598,0.001582777983263991,5
9.008232514063517,0.5980841711767899,0.21350971857706705,0.016792932863702686,0.05,63,"{'learning_rate': 0.05, 'num_leaves': 63}",0.666537574184213,0.6715723065400454,0.6648170429631297,0.6676423078957961,0.0028663244673893173,7
2.1160205205281577,0.23162347767758015,0.08568692207336426,0.004060141173531151,0.1,15,"{'learning_rate': 0.1, 'num_leaves': 15}",0.6842025321666292,0.6795810012699142,0.676484917520725,0.6800894836524227,0.0031711522307262168,6
4.810769399007161,0.08837154443194487,0.11219596862792969,0.006917777986419534,0.1,31,"{'learning_rate': 0.1, 'num_leaves': 31}",0.6689227890176818,0.6649445425611509,0.6662760240556626,0.666714451878165,0.0016534359041872693,8
6.122852643330892,0.3984843193250141,0.18172597885131836,0.0028881965463632333,0.1,63,"{'learning_rate': 0.1, 'num_leaves': 63}",0.6515302800030274,0.656842552264411,0.6541108554604097,0.6541612292426161,0.0021690185619640434,9
