mean_fit_time,std_fit_time,mean_score_time,std_score_time,param_learning_rate,param_num_leaves,params,split0_test_score,split1_test_score,split2_test_score,mean_test_score,std_test_score,rank_test_score
3.4774964650472007,0.3964067578370001,0.13096229235331217,0.0089409254009529,0.01,15,"{'learning_rate': 0.01, 'num_leaves': 15}",0.7043502482376452,0.7024641609490857,0.7042810057783454,0.7036984716550254,0.00087324712754202,1
5.643019358317058,0.18290583493859267,0.2324368953704834,0.09586792419318693,0.01,31,"{'learning_rate': 0.01, 'num_leaves': 31}",0.7008519221891394,0.7034564332501534,0.7028575174029167,0.7023886242807365,0.0011137818567855478,2
10.669612010320028,0.25731598579833276,0.328902006149292,0.12299607236730627,0.01,63,"{'learning_rate': 0.01, 'num_leaves': 63}",0.6923196544629342,0.6954461631192591,0.6943020353798988,0.6940226176540308,0.001291593278000887,3
2.6516738732655845,0.38334982421074787,0.16657535235087076,0.08146361617679161,0.05,15,"{'learning_rate': 0.05, 'num_leaves': 15}",0.6925957426731173,0.6935870389340333,0.6948642173882732,0.6936823329984746,0.0009285490840961569,4
6.374609073003133,0.440943340895609,0.2059206167856852,0.01762472441708373,0.05,31,"{'learning_rate': 0.05, 'num_leaves': 31}",0.6754440960553564,0.6822423702857684,0.6831105147340637,0.6802656603583962,0.0034277330158611723,6
12.122215509414673,0.6638470838824391,0.36384280522664386,0.028145829593698227,0.05,63,"{'learning_rate': 0.05, 'num_leaves': 63}",0.6596995656779008,0.6677639007350771,0.6664970210983159,0.6646534958370979,0.003540933400499765,7
3.1351795196533203,0.7866215404452426,0.1247854232788086,0.00371546301798654,0.1,15,"{'learning_rate': 0.1, 'num_leaves': 15}",0.6774413175009415,0.6842060253836247,0.6839359211746022,0.6818610880197228,0.0031271944455000247,5
6.839178164800008,0.17107841448467204,0.24346661567687988,0.008422701701466452,0.1,31,"{'learning_rate': 0.1, 'num_leaves': 31}",0.6595339711037675,0.6651630949088984,0.6670828028260956,0.6639266229462538,0.0032034213250638696,8
8.661096493403116,0.34218368439371094,0.3232762813568115,0.03179518718715047,0.1,63,"{'learning_rate': 0.1, 'num_leaves': 63}",0.6449116742799325,0.6496675024692145,0.6528597606271288,0.6491463124587585,0.0032656544434330973,9
